NOMBRES;Apellidos;CELULAR
Carlos1;Apellidocarlos1;98454564
Juan2;Apellidojuan2;98454569
Jose3;Apellidojose3;98454574
Ana4;ApellidoAna4;98454579
Pedro5;ApellidoPedro5;98454584
Carla6;Apellidocarla6;98454589
Nombre7;Apellido7;98454594
Nombre8;Apellido8;98454599
Nombre9;Apellido9;98454604
Nombre10;Apellido10;98454609
Carlos2;Apellidocarlos2;98454614
Juan3;Apellidojuan3;98454619
Jose4;Apellidojose4;98454624
Ana5;ApellidoAna5;98454629
Pedro6;ApellidoPedro6;98454634
Carla7;Apellidocarla7;98454639
Nombre11;Apellido11;98454644
Nombre12;Apellido12;98454649
Nombre13;Apellido13;98454654
Nombre14;Apellido14;98454659
Carlos3;Apellidocarlos3;98454664
Juan4;Apellidojuan4;98454669
Jose5;Apellidojose5;98454674
Ana6;ApellidoAna6;98454679
Pedro7;ApellidoPedro7;98454684
Carla8;Apellidocarla8;98454689
Nombre15;Apellido15;98454694
Nombre16;Apellido16;98454699
Nombre17;Apellido17;98454704
Nombre18;Apellido18;98454709
Carlos4;Apellidocarlos4;98454714
Juan5;Apellidojuan5;98454719
Jose6;Apellidojose6;98454724
Ana7;ApellidoAna7;98454729
Pedro8;ApellidoPedro8;98454734
Carla9;Apellidocarla9;98454739
Nombre19;Apellido19;98454744
Nombre20;Apellido20;98454749
Nombre21;Apellido21;98454754
Nombre22;Apellido22;98454759
Carlos5;Apellidocarlos5;98454764
Juan6;Apellidojuan6;98454769
Jose7;Apellidojose7;98454774
Ana8;ApellidoAna8;98454779
Pedro9;ApellidoPedro9;98454784
Carla10;Apellidocarla10;98454789
Nombre23;Apellido23;98454794
Nombre24;Apellido24;98454799
Nombre25;Apellido25;98454804
Nombre26;Apellido26;98454809
Carlos6;Apellidocarlos6;98454814
Juan7;Apellidojuan7;98454819
Jose8;Apellidojose8;98454824
Ana9;ApellidoAna9;98454829
Pedro10;ApellidoPedro10;98454834
Carla11;Apellidocarla11;98454839
Nombre27;Apellido27;98454844
Nombre28;Apellido28;98454849
Nombre29;Apellido29;98454854
Nombre30;Apellido30;98454859
Carlos7;Apellidocarlos7;98454864
Juan8;Apellidojuan8;98454869
Jose9;Apellidojose9;98454874
Ana10;ApellidoAna10;98454879
Pedro11;ApellidoPedro11;98454884
Carla12;Apellidocarla12;98454889
Nombre31;Apellido31;98454894
Nombre32;Apellido32;98454899
Nombre33;Apellido33;98454904
Nombre34;Apellido34;98454909
Carlos8;Apellidocarlos8;98454914
Juan9;Apellidojuan9;98454919
Jose10;Apellidojose10;98454924
Ana11;ApellidoAna11;98454929
Pedro12;ApellidoPedro12;98454934
Carla13;Apellidocarla13;98454939
Nombre35;Apellido35;98454944
Nombre36;Apellido36;98454949
Nombre37;Apellido37;98454954
Nombre38;Apellido38;98454959
Carlos9;Apellidocarlos9;98454964
Juan10;Apellidojuan10;98454969
Jose11;Apellidojose11;98454974
Ana12;ApellidoAna12;98454979
Pedro13;ApellidoPedro13;98454984
Carla14;Apellidocarla14;98454989
Nombre39;Apellido39;98454994
Nombre40;Apellido40;98454999
Nombre41;Apellido41;98455004
Nombre42;Apellido42;98455009
Carlos10;Apellidocarlos10;98455014
Juan11;Apellidojuan11;98455019
Jose12;Apellidojose12;98455024
Ana13;ApellidoAna13;98455029
Pedro14;ApellidoPedro14;98455034
Carla15;Apellidocarla15;98455039
Nombre43;Apellido43;98455044
Nombre44;Apellido44;98455049
Nombre45;Apellido45;98455054
Nombre46;Apellido46;98455059
Carlos11;Apellidocarlos11;98455064
Juan12;Apellidojuan12;98455069
Jose13;Apellidojose13;98455074
Ana14;ApellidoAna14;98455079
Pedro15;ApellidoPedro15;98455084
Carla16;Apellidocarla16;98455089
Nombre47;Apellido47;98455094
Nombre48;Apellido48;98455099
Nombre49;Apellido49;98455104
Nombre50;Apellido50;98455109
Carlos12;Apellidocarlos12;98455114
Juan13;Apellidojuan13;98455119
Jose14;Apellidojose14;98455124
Ana15;ApellidoAna15;98455129
Pedro16;ApellidoPedro16;98455134
Carla17;Apellidocarla17;98455139
Nombre51;Apellido51;98455144
Nombre52;Apellido52;98455149
Nombre53;Apellido53;98455154
Nombre54;Apellido54;98455159
Carlos13;Apellidocarlos13;98455164
Juan14;Apellidojuan14;98455169
Jose15;Apellidojose15;98455174
Ana16;ApellidoAna16;98455179
Pedro17;ApellidoPedro17;98455184
Carla18;Apellidocarla18;98455189
Nombre55;Apellido55;98455194
Nombre56;Apellido56;98455199
Nombre57;Apellido57;98455204
Nombre58;Apellido58;98455209
Carlos14;Apellidocarlos14;98455214
Juan15;Apellidojuan15;98455219
Jose16;Apellidojose16;98455224
Ana17;ApellidoAna17;98455229
Pedro18;ApellidoPedro18;98455234
Carla19;Apellidocarla19;98455239
Nombre59;Apellido59;98455244
Nombre60;Apellido60;98455249
Nombre61;Apellido61;98455254
Nombre62;Apellido62;98455259
Carlos15;Apellidocarlos15;98455264
Juan16;Apellidojuan16;98455269
Jose17;Apellidojose17;98455274
Ana18;ApellidoAna18;98455279
Pedro19;ApellidoPedro19;98455284
